-- warehouse_data.sql
-- Seed INSERT statements for dim_date, dim_product, dim_customer, fact_sales
-- Generated to meet minimum data requirements and realism guidelines.

-- DIM_DATE

INSERT INTO dim_date (date_key, full_date, day_of_week, month, month_name, quarter, year, is_weekend) VALUES (20240101, '2024-01-01', 'Monday', 1, 'January', 'Q1', 2024, FALSE);
INSERT INTO dim_date (date_key, full_date, day_of_week, month, month_name, quarter, year, is_weekend) VALUES (20240103, '2024-01-03', 'Wednesday', 1, 'January', 'Q1', 2024, FALSE);
INSERT INTO dim_date (date_key, full_date, day_of_week, month, month_name, quarter, year, is_weekend) VALUES (20240104, '2024-01-04', 'Thursday', 1, 'January', 'Q1', 2024, FALSE);
INSERT INTO dim_date (date_key, full_date, day_of_week, month, month_name, quarter, year, is_weekend) VALUES (20240106, '2024-01-06', 'Saturday', 1, 'January', 'Q1', 2024, TRUE);
INSERT INTO dim_date (date_key, full_date, day_of_week, month, month_name, quarter, year, is_weekend) VALUES (20240109, '2024-01-09', 'Tuesday', 1, 'January', 'Q1', 2024, FALSE);
INSERT INTO dim_date (date_key, full_date, day_of_week, month, month_name, quarter, year, is_weekend) VALUES (20240110, '2024-01-10', 'Wednesday', 1, 'January', 'Q1', 2024, FALSE);
INSERT INTO dim_date (date_key, full_date, day_of_week, month, month_name, quarter, year, is_weekend) VALUES (20240112, '2024-01-12', 'Friday', 1, 'January', 'Q1', 2024, FALSE);
INSERT INTO dim_date (date_key, full_date, day_of_week, month, month_name, quarter, year, is_weekend) VALUES (20240113, '2024-01-13', 'Saturday', 1, 'January', 'Q1', 2024, TRUE);
INSERT INTO dim_date (date_key, full_date, day_of_week, month, month_name, quarter, year, is_weekend) VALUES (20240114, '2024-01-14', 'Sunday', 1, 'January', 'Q1', 2024, TRUE);
INSERT INTO dim_date (date_key, full_date, day_of_week, month, month_name, quarter, year, is_weekend) VALUES (20240119, '2024-01-19', 'Friday', 1, 'January', 'Q1', 2024, FALSE);
INSERT INTO dim_date (date_key, full_date, day_of_week, month, month_name, quarter, year, is_weekend) VALUES (20240120, '2024-01-20', 'Saturday', 1, 'January', 'Q1', 2024, TRUE);
INSERT INTO dim_date (date_key, full_date, day_of_week, month, month_name, quarter, year, is_weekend) VALUES (20240121, '2024-01-21', 'Sunday', 1, 'January', 'Q1', 2024, TRUE);
INSERT INTO dim_date (date_key, full_date, day_of_week, month, month_name, quarter, year, is_weekend) VALUES (20240122, '2024-01-22', 'Monday', 1, 'January', 'Q1', 2024, FALSE);
INSERT INTO dim_date (date_key, full_date, day_of_week, month, month_name, quarter, year, is_weekend) VALUES (20240126, '2024-01-26', 'Friday', 1, 'January', 'Q1', 2024, FALSE);
INSERT INTO dim_date (date_key, full_date, day_of_week, month, month_name, quarter, year, is_weekend) VALUES (20240127, '2024-01-27', 'Saturday', 1, 'January', 'Q1', 2024, TRUE);
INSERT INTO dim_date (date_key, full_date, day_of_week, month, month_name, quarter, year, is_weekend) VALUES (20240128, '2024-01-28', 'Sunday', 1, 'January', 'Q1', 2024, TRUE);
INSERT INTO dim_date (date_key, full_date, day_of_week, month, month_name, quarter, year, is_weekend) VALUES (20240129, '2024-01-29', 'Monday', 1, 'January', 'Q1', 2024, FALSE);
INSERT INTO dim_date (date_key, full_date, day_of_week, month, month_name, quarter, year, is_weekend) VALUES (20240206, '2024-02-06', 'Tuesday', 2, 'February', 'Q1', 2024, FALSE);
INSERT INTO dim_date (date_key, full_date, day_of_week, month, month_name, quarter, year, is_weekend) VALUES (20240208, '2024-02-08', 'Thursday', 2, 'February', 'Q1', 2024, FALSE);
INSERT INTO dim_date (date_key, full_date, day_of_week, month, month_name, quarter, year, is_weekend) VALUES (20240210, '2024-02-10', 'Saturday', 2, 'February', 'Q1', 2024, TRUE);
INSERT INTO dim_date (date_key, full_date, day_of_week, month, month_name, quarter, year, is_weekend) VALUES (20240213, '2024-02-13', 'Tuesday', 2, 'February', 'Q1', 2024, FALSE);
INSERT INTO dim_date (date_key, full_date, day_of_week, month, month_name, quarter, year, is_weekend) VALUES (20240214, '2024-02-14', 'Wednesday', 2, 'February', 'Q1', 2024, FALSE);
INSERT INTO dim_date (date_key, full_date, day_of_week, month, month_name, quarter, year, is_weekend) VALUES (20240215, '2024-02-15', 'Thursday', 2, 'February', 'Q1', 2024, FALSE);
INSERT INTO dim_date (date_key, full_date, day_of_week, month, month_name, quarter, year, is_weekend) VALUES (20240218, '2024-02-18', 'Sunday', 2, 'February', 'Q1', 2024, TRUE);
INSERT INTO dim_date (date_key, full_date, day_of_week, month, month_name, quarter, year, is_weekend) VALUES (20240219, '2024-02-19', 'Monday', 2, 'February', 'Q1', 2024, FALSE);
INSERT INTO dim_date (date_key, full_date, day_of_week, month, month_name, quarter, year, is_weekend) VALUES (20240220, '2024-02-20', 'Tuesday', 2, 'February', 'Q1', 2024, FALSE);
INSERT INTO dim_date (date_key, full_date, day_of_week, month, month_name, quarter, year, is_weekend) VALUES (20240221, '2024-02-21', 'Wednesday', 2, 'February', 'Q1', 2024, FALSE);
INSERT INTO dim_date (date_key, full_date, day_of_week, month, month_name, quarter, year, is_weekend) VALUES (20240222, '2024-02-22', 'Thursday', 2, 'February', 'Q1', 2024, FALSE);
INSERT INTO dim_date (date_key, full_date, day_of_week, month, month_name, quarter, year, is_weekend) VALUES (20240224, '2024-02-24', 'Saturday', 2, 'February', 'Q1', 2024, TRUE);
INSERT INTO dim_date (date_key, full_date, day_of_week, month, month_name, quarter, year, is_weekend) VALUES (20240227, '2024-02-27', 'Tuesday', 2, 'February', 'Q1', 2024, FALSE);

-- DIM_PRODUCT

INSERT INTO dim_product (product_key, product_id, product_name, brand, category, subcategory, unit_of_measure, active_flag, effective_start_date, effective_end_date, current_flag) VALUES (1, 'P0001', 'Product 1', 'Flexi', 'Grocery', 'Beverages', 'Pack', TRUE, '2024-01-01', NULL, TRUE);
INSERT INTO dim_product (product_key, product_id, product_name, brand, category, subcategory, unit_of_measure, active_flag, effective_start_date, effective_end_date, current_flag) VALUES (2, 'P0002', 'Product 2', 'TechPro', 'Electronics', 'Accessories', 'Pack', TRUE, '2024-01-01', NULL, TRUE);
INSERT INTO dim_product (product_key, product_id, product_name, brand, category, subcategory, unit_of_measure, active_flag, effective_start_date, effective_end_date, current_flag) VALUES (3, 'P0003', 'Product 3', 'TechPro', 'Grocery', 'Staples', 'Each', TRUE, '2024-01-01', NULL, TRUE);
INSERT INTO dim_product (product_key, product_id, product_name, brand, category, subcategory, unit_of_measure, active_flag, effective_start_date, effective_end_date, current_flag) VALUES (4, 'P0004', 'Product 4', 'TechPro', 'Apparel', 'Women', 'Pack', TRUE, '2024-01-01', NULL, TRUE);
INSERT INTO dim_product (product_key, product_id, product_name, brand, category, subcategory, unit_of_measure, active_flag, effective_start_date, effective_end_date, current_flag) VALUES (5, 'P0005', 'Product 5', 'ValueMax', 'Grocery', 'Staples', 'Pack', TRUE, '2024-01-01', NULL, TRUE);
INSERT INTO dim_product (product_key, product_id, product_name, brand, category, subcategory, unit_of_measure, active_flag, effective_start_date, effective_end_date, current_flag) VALUES (6, 'P0006', 'Product 6', 'ValueMax', 'Electronics', 'Mobiles', 'Pack', TRUE, '2024-01-01', NULL, TRUE);
INSERT INTO dim_product (product_key, product_id, product_name, brand, category, subcategory, unit_of_measure, active_flag, effective_start_date, effective_end_date, current_flag) VALUES (7, 'P0007', 'Product 7', 'ValueMax', 'Apparel', 'Women', 'Pack', TRUE, '2024-01-01', NULL, TRUE);
INSERT INTO dim_product (product_key, product_id, product_name, brand, category, subcategory, unit_of_measure, active_flag, effective_start_date, effective_end_date, current_flag) VALUES (8, 'P0008', 'Product 8', 'Flexi', 'Apparel', 'Kids', 'Each', TRUE, '2024-01-01', NULL, TRUE);
INSERT INTO dim_product (product_key, product_id, product_name, brand, category, subcategory, unit_of_measure, active_flag, effective_start_date, effective_end_date, current_flag) VALUES (9, 'P0009', 'Product 9', 'Flexi', 'Electronics', 'Computers', 'Pack', TRUE, '2024-01-01', NULL, TRUE);
INSERT INTO dim_product (product_key, product_id, product_name, brand, category, subcategory, unit_of_measure, active_flag, effective_start_date, effective_end_date, current_flag) VALUES (10, 'P0010', 'Product 10', 'ValueMax', 'Grocery', 'Staples', 'Each', TRUE, '2024-01-01', NULL, TRUE);
INSERT INTO dim_product (product_key, product_id, product_name, brand, category, subcategory, unit_of_measure, active_flag, effective_start_date, effective_end_date, current_flag) VALUES (11, 'P0011', 'Product 11', 'ValueMax', 'Electronics', 'Accessories', 'Pack', TRUE, '2024-01-01', NULL, TRUE);
INSERT INTO dim_product (product_key, product_id, product_name, brand, category, subcategory, unit_of_measure, active_flag, effective_start_date, effective_end_date, current_flag) VALUES (12, 'P0012', 'Product 12', 'TechPro', 'Apparel', 'Kids', 'Pack', TRUE, '2024-01-01', NULL, TRUE);
INSERT INTO dim_product (product_key, product_id, product_name, brand, category, subcategory, unit_of_measure, active_flag, effective_start_date, effective_end_date, current_flag) VALUES (13, 'P0013', 'Product 13', 'ValueMax', 'Apparel', 'Women', 'Pack', TRUE, '2024-01-01', NULL, TRUE);
INSERT INTO dim_product (product_key, product_id, product_name, brand, category, subcategory, unit_of_measure, active_flag, effective_start_date, effective_end_date, current_flag) VALUES (14, 'P0014', 'Product 14', 'TechPro', 'Grocery', 'Staples', 'Pack', TRUE, '2024-01-01', NULL, TRUE);
INSERT INTO dim_product (product_key, product_id, product_name, brand, category, subcategory, unit_of_measure, active_flag, effective_start_date, effective_end_date, current_flag) VALUES (15, 'P0015', 'Product 15', 'PrimeGo', 'Electronics', 'Computers', 'Pack', TRUE, '2024-01-01', NULL, TRUE);

-- DIM_CUSTOMER

INSERT INTO dim_customer (customer_key, customer_id, customer_name, email, phone, city, state, country, postal_code, customer_segment, loyalty_tier, effective_start_date, effective_end_date, current_flag) VALUES (1, 'C00001', 'Customer 1', 'customer1@example.com', '+91-958309773', 'Hyderabad', 'Telangana', 'India', '309544', 'Online', 'Platinum', '2024-01-01', NULL, TRUE);
INSERT INTO dim_customer (customer_key, customer_id, customer_name, email, phone, city, state, country, postal_code, customer_segment, loyalty_tier, effective_start_date, effective_end_date, current_flag) VALUES (2, 'C00002', 'Customer 2', 'customer2@example.com', '+91-978621065', 'Hyderabad', 'Telangana', 'India', '903946', 'VIP', 'Platinum', '2024-01-01', NULL, TRUE);
INSERT INTO dim_customer (customer_key, customer_id, customer_name, email, phone, city, state, country, postal_code, customer_segment, loyalty_tier, effective_start_date, effective_end_date, current_flag) VALUES (3, 'C00003', 'Customer 3', 'customer3@example.com', '+91-948932423', 'Mumbai', 'Maharashtra', 'India', '432039', 'VIP', 'Bronze', '2024-01-01', NULL, TRUE);
INSERT INTO dim_customer (customer_key, customer_id, customer_name, email, phone, city, state, country, postal_code, customer_segment, loyalty_tier, effective_start_date, effective_end_date, current_flag) VALUES (4, 'C00004', 'Customer 4', 'customer4@example.com', '+91-979145394', 'Hyderabad', 'Telangana', 'India', '371404', 'VIP', 'Silver', '2024-01-01', NULL, TRUE);
INSERT INTO dim_customer (customer_key, customer_id, customer_name, email, phone, city, state, country, postal_code, customer_segment, loyalty_tier, effective_start_date, effective_end_date, current_flag) VALUES (5, 'C00005', 'Customer 5', 'customer5@example.com', '+91-974309920', 'Hyderabad', 'Telangana', 'India', '167418', 'Online', 'Platinum', '2024-01-01', NULL, TRUE);
INSERT INTO dim_customer (customer_key, customer_id, customer_name, email, phone, city, state, country, postal_code, customer_segment, loyalty_tier, effective_start_date, effective_end_date, current_flag) VALUES (6, 'C00006', 'Customer 6', 'customer6@example.com', '+91-922973827', 'Bengaluru', 'Karnataka', 'India', '304038', 'VIP', 'Silver', '2024-01-01', NULL, TRUE);
INSERT INTO dim_customer (customer_key, customer_id, customer_name, email, phone, city, state, country, postal_code, customer_segment, loyalty_tier, effective_start_date, effective_end_date, current_flag) VALUES (7, 'C00007', 'Customer 7', 'customer7@example.com', '+91-911883416', 'Hyderabad', 'Telangana', 'India', '196645', 'Retail', 'Platinum', '2024-01-01', NULL, TRUE);
INSERT INTO dim_customer (customer_key, customer_id, customer_name, email, phone, city, state, country, postal_code, customer_segment, loyalty_tier, effective_start_date, effective_end_date, current_flag) VALUES (8, 'C00008', 'Customer 8', 'customer8@example.com', '+91-991890761', 'Mumbai', 'Maharashtra', 'India', '932328', 'Wholesale', 'Silver', '2024-01-01', NULL, TRUE);
INSERT INTO dim_customer (customer_key, customer_id, customer_name, email, phone, city, state, country, postal_code, customer_segment, loyalty_tier, effective_start_date, effective_end_date, current_flag) VALUES (9, 'C00009', 'Customer 9', 'customer9@example.com', '+91-993359230', 'Mumbai', 'Maharashtra', 'India', '146828', 'Online', 'Gold', '2024-01-01', NULL, TRUE);
INSERT INTO dim_customer (customer_key, customer_id, customer_name, email, phone, city, state, country, postal_code, customer_segment, loyalty_tier, effective_start_date, effective_end_date, current_flag) VALUES (10, 'C00010', 'Customer 10', 'customer10@example.com', '+91-910688684', 'Delhi', 'Delhi', 'India', '428668', 'VIP', 'Silver', '2024-01-01', NULL, TRUE);
INSERT INTO dim_customer (customer_key, customer_id, customer_name, email, phone, city, state, country, postal_code, customer_segment, loyalty_tier, effective_start_date, effective_end_date, current_flag) VALUES (11, 'C00011', 'Customer 11', 'customer11@example.com', '+91-973482774', 'Delhi', 'Delhi', 'India', '716494', 'Wholesale', 'Gold', '2024-01-01', NULL, TRUE);
INSERT INTO dim_customer (customer_key, customer_id, customer_name, email, phone, city, state, country, postal_code, customer_segment, loyalty_tier, effective_start_date, effective_end_date, current_flag) VALUES (12, 'C00012', 'Customer 12', 'customer12@example.com', '+91-966073339', 'Mumbai', 'Maharashtra', 'India', '801030', 'Wholesale', 'Silver', '2024-01-01', NULL, TRUE);

-- FACT_SALES

INSERT INTO fact_sales (order_id, order_line_number, date_key, product_key, customer_key, quantity_sold, unit_price, discount_amount, total_amount, currency_code) VALUES (5000, 1, 20240218, 15, 10, 6, 50108, 18581.81, 282066.19, 'INR');
INSERT INTO fact_sales (order_id, order_line_number, date_key, product_key, customer_key, quantity_sold, unit_price, discount_amount, total_amount, currency_code) VALUES (5001, 1, 20240218, 9, 4, 2, 59283, 17052.6, 101513.4, 'INR');
INSERT INTO fact_sales (order_id, order_line_number, date_key, product_key, customer_key, quantity_sold, unit_price, discount_amount, total_amount, currency_code) VALUES (5002, 1, 20240121, 2, 1, 4, 55484, 31111.33, 190824.67, 'INR');
INSERT INTO fact_sales (order_id, order_line_number, date_key, product_key, customer_key, quantity_sold, unit_price, discount_amount, total_amount, currency_code) VALUES (5003, 1, 20240224, 1, 9, 4, 1074, 264.0, 4032.0, 'INR');
INSERT INTO fact_sales (order_id, order_line_number, date_key, product_key, customer_key, quantity_sold, unit_price, discount_amount, total_amount, currency_code) VALUES (5004, 1, 20240126, 15, 2, 2, 75217, 12898.62, 137535.38, 'INR');
INSERT INTO fact_sales (order_id, order_line_number, date_key, product_key, customer_key, quantity_sold, unit_price, discount_amount, total_amount, currency_code) VALUES (5005, 1, 20240218, 3, 10, 3, 1164, 136.27, 3355.73, 'INR');
INSERT INTO fact_sales (order_id, order_line_number, date_key, product_key, customer_key, quantity_sold, unit_price, discount_amount, total_amount, currency_code) VALUES (5006, 1, 20240120, 10, 4, 2, 1489, 146.7, 2831.3, 'INR');
INSERT INTO fact_sales (order_id, order_line_number, date_key, product_key, customer_key, quantity_sold, unit_price, discount_amount, total_amount, currency_code) VALUES (5007, 1, 20240103, 11, 3, 3, 15929, 3904.91, 43882.09, 'INR');
INSERT INTO fact_sales (order_id, order_line_number, date_key, product_key, customer_key, quantity_sold, unit_price, discount_amount, total_amount, currency_code) VALUES (5008, 1, 20240219, 8, 11, 2, 3588, 765.26, 6410.74, 'INR');
INSERT INTO fact_sales (order_id, order_line_number, date_key, product_key, customer_key, quantity_sold, unit_price, discount_amount, total_amount, currency_code) VALUES (5009, 1, 20240221, 3, 11, 1, 1185, 83.76, 1101.24, 'INR');
INSERT INTO fact_sales (order_id, order_line_number, date_key, product_key, customer_key, quantity_sold, unit_price, discount_amount, total_amount, currency_code) VALUES (5010, 1, 20240127, 3, 3, 3, 1454, 153.09, 4208.91, 'INR');
INSERT INTO fact_sales (order_id, order_line_number, date_key, product_key, customer_key, quantity_sold, unit_price, discount_amount, total_amount, currency_code) VALUES (5011, 1, 20240122, 7, 2, 2, 6778, 380.65, 13175.35, 'INR');
INSERT INTO fact_sales (order_id, order_line_number, date_key, product_key, customer_key, quantity_sold, unit_price, discount_amount, total_amount, currency_code) VALUES (5012, 1, 20240110, 8, 8, 2, 7311, 1025.81, 13596.19, 'INR');
INSERT INTO fact_sales (order_id, order_line_number, date_key, product_key, customer_key, quantity_sold, unit_price, discount_amount, total_amount, currency_code) VALUES (5013, 1, 20240120, 8, 8, 6, 2467, 1768.7, 13033.3, 'INR');
INSERT INTO fact_sales (order_id, order_line_number, date_key, product_key, customer_key, quantity_sold, unit_price, discount_amount, total_amount, currency_code) VALUES (5014, 1, 20240218, 14, 2, 3, 1836, 114.68, 5393.32, 'INR');
INSERT INTO fact_sales (order_id, order_line_number, date_key, product_key, customer_key, quantity_sold, unit_price, discount_amount, total_amount, currency_code) VALUES (5015, 1, 20240224, 15, 8, 4, 94630, 23165.56, 355354.44, 'INR');
INSERT INTO fact_sales (order_id, order_line_number, date_key, product_key, customer_key, quantity_sold, unit_price, discount_amount, total_amount, currency_code) VALUES (5016, 1, 20240218, 14, 11, 2, 473, 29.97, 916.03, 'INR');
INSERT INTO fact_sales (order_id, order_line_number, date_key, product_key, customer_key, quantity_sold, unit_price, discount_amount, total_amount, currency_code) VALUES (5017, 1, 20240110, 9, 11, 3, 85016, 8284.31, 246763.69, 'INR');
INSERT INTO fact_sales (order_id, order_line_number, date_key, product_key, customer_key, quantity_sold, unit_price, discount_amount, total_amount, currency_code) VALUES (5018, 1, 20240206, 5, 9, 3, 1638, 323.28, 4590.72, 'INR');
INSERT INTO fact_sales (order_id, order_line_number, date_key, product_key, customer_key, quantity_sold, unit_price, discount_amount, total_amount, currency_code) VALUES (5019, 1, 20240128, 10, 5, 6, 1472, 105.42, 8726.58, 'INR');
INSERT INTO fact_sales (order_id, order_line_number, date_key, product_key, customer_key, quantity_sold, unit_price, discount_amount, total_amount, currency_code) VALUES (5020, 1, 20240218, 2, 7, 2, 32449, 6663.86, 58234.14, 'INR');
INSERT INTO fact_sales (order_id, order_line_number, date_key, product_key, customer_key, quantity_sold, unit_price, discount_amount, total_amount, currency_code) VALUES (5021, 1, 20240215, 12, 3, 3, 2241, 316.2, 6406.8, 'INR');
INSERT INTO fact_sales (order_id, order_line_number, date_key, product_key, customer_key, quantity_sold, unit_price, discount_amount, total_amount, currency_code) VALUES (5022, 1, 20240129, 2, 5, 1, 51235, 2004.76, 49230.24, 'INR');
INSERT INTO fact_sales (order_id, order_line_number, date_key, product_key, customer_key, quantity_sold, unit_price, discount_amount, total_amount, currency_code) VALUES (5023, 1, 20240104, 7, 5, 1, 7291, 62.68, 7228.32, 'INR');
INSERT INTO fact_sales (order_id, order_line_number, date_key, product_key, customer_key, quantity_sold, unit_price, discount_amount, total_amount, currency_code) VALUES (5024, 1, 20240113, 5, 2, 6, 292, 90.9, 1661.1, 'INR');
INSERT INTO fact_sales (order_id, order_line_number, date_key, product_key, customer_key, quantity_sold, unit_price, discount_amount, total_amount, currency_code) VALUES (5025, 1, 20240224, 6, 6, 6, 69774, 39293.57, 379350.43, 'INR');
INSERT INTO fact_sales (order_id, order_line_number, date_key, product_key, customer_key, quantity_sold, unit_price, discount_amount, total_amount, currency_code) VALUES (5026, 1, 20240213, 1, 7, 3, 747, 43.49, 2197.51, 'INR');
INSERT INTO fact_sales (order_id, order_line_number, date_key, product_key, customer_key, quantity_sold, unit_price, discount_amount, total_amount, currency_code) VALUES (5027, 1, 20240126, 11, 2, 2, 99976, 25832.82, 174119.18, 'INR');
INSERT INTO fact_sales (order_id, order_line_number, date_key, product_key, customer_key, quantity_sold, unit_price, discount_amount, total_amount, currency_code) VALUES (5028, 1, 20240210, 15, 5, 4, 60993, 34658.55, 209313.45, 'INR');
INSERT INTO fact_sales (order_id, order_line_number, date_key, product_key, customer_key, quantity_sold, unit_price, discount_amount, total_amount, currency_code) VALUES (5029, 1, 20240120, 12, 12, 2, 7655, 646.31, 14663.69, 'INR');
INSERT INTO fact_sales (order_id, order_line_number, date_key, product_key, customer_key, quantity_sold, unit_price, discount_amount, total_amount, currency_code) VALUES (5030, 1, 20240120, 12, 2, 5, 5365, 1283.1, 25541.9, 'INR');
INSERT INTO fact_sales (order_id, order_line_number, date_key, product_key, customer_key, quantity_sold, unit_price, discount_amount, total_amount, currency_code) VALUES (5031, 1, 20240222, 9, 6, 3, 35879, 906.49, 106730.51, 'INR');
INSERT INTO fact_sales (order_id, order_line_number, date_key, product_key, customer_key, quantity_sold, unit_price, discount_amount, total_amount, currency_code) VALUES (5032, 1, 20240227, 3, 10, 1, 351, 1.18, 349.82, 'INR');
INSERT INTO fact_sales (order_id, order_line_number, date_key, product_key, customer_key, quantity_sold, unit_price, discount_amount, total_amount, currency_code) VALUES (5033, 1, 20240127, 10, 11, 4, 1443, 14.96, 5757.04, 'INR');
INSERT INTO fact_sales (order_id, order_line_number, date_key, product_key, customer_key, quantity_sold, unit_price, discount_amount, total_amount, currency_code) VALUES (5034, 1, 20240129, 6, 7, 2, 60345, 4332.28, 116357.72, 'INR');
INSERT INTO fact_sales (order_id, order_line_number, date_key, product_key, customer_key, quantity_sold, unit_price, discount_amount, total_amount, currency_code) VALUES (5035, 1, 20240121, 4, 3, 6, 3505, 89.64, 20940.36, 'INR');
INSERT INTO fact_sales (order_id, order_line_number, date_key, product_key, customer_key, quantity_sold, unit_price, discount_amount, total_amount, currency_code) VALUES (5036, 1, 20240213, 9, 11, 2, 82731, 22067.98, 143394.02, 'INR');
INSERT INTO fact_sales (order_id, order_line_number, date_key, product_key, customer_key, quantity_sold, unit_price, discount_amount, total_amount, currency_code) VALUES (5037, 1, 20240218, 4, 1, 4, 771, 250.34, 2833.66, 'INR');
INSERT INTO fact_sales (order_id, order_line_number, date_key, product_key, customer_key, quantity_sold, unit_price, discount_amount, total_amount, currency_code) VALUES (5038, 1, 20240121, 6, 3, 6, 92153, 7418.51, 545499.49, 'INR');
INSERT INTO fact_sales (order_id, order_line_number, date_key, product_key, customer_key, quantity_sold, unit_price, discount_amount, total_amount, currency_code) VALUES (5039, 1, 20240112, 1, 11, 3, 1873, 414.61, 5204.39, 'INR');